Test,Species,Trait,Sample.Size,SNP,SNP.Code.Name,Effect.Size,MAF,Heritability,Window.Size,Trait,BP_5_FP,BP_5_TP,BP_10_FP,BP_10_TP,FDR_5_FP,FDR_5_TP,FDR_10_FP,FDR_10_TP
BFT,Maize,Epistasis,500,S1_52467139,3a,0.75,0.1,0.8,250K,BF_zm_epistasis_higheffectsize_500_250K_S1_52467139.csv,0.85,0,0.95,0,0.91,0.06,0.98,0.25
BFT,Maize,Epistasis,500,S10_138027398,3b,0.75,0.1,0.8,250K,BF_zm_epistasis_higheffectsize_500_250K_S10_138027398.csv,0.85,0,0.95,0,0.91,0.05,0.98,0.27
BFT,Maize,Epistasis,500,S2_23711349,2a,0.75,0.1,0.8,250K,BF_zm_epistasis_higheffectsize_500_250K_S2_23711349.csv,0.84,0.01,0.94,0.02,0.91,0.11,0.98,0.28
BFT,Maize,Epistasis,500,S5_182137972,1a,0.75,0.1,0.8,250K,BF_zm_epistasis_higheffectsize_500_250K_S5_182137972.csv,0.85,0.01,0.95,0.01,0.91,0.26,0.98,0.5
BFT,Maize,Epistasis,500,S5_197714744,2b,0.75,0.1,0.8,250K,BF_zm_epistasis_higheffectsize_500_250K_S5_197714744.csv,0.85,0,0.95,0,0.91,0.05,0.98,0.17
BFT,Maize,Epistasis,500,S6_95632131,1b,0.75,0.1,0.8,250K,BF_zm_epistasis_higheffectsize_500_250K_S6_95632131.csv,0.85,0.01,0.95,0.05,0.91,0.32,0.98,0.54
BFT,Maize,Epistasis,500,S1_52467139,3a,0.75,0.1,0.3,250K,BF_zm_epistasis_lowh2_500_250K_S1_52467139.csv,0.19,0,0.26,0.01,0.21,0,0.28,0.01
BFT,Maize,Epistasis,500,S10_138027398,3b,0.75,0.1,0.3,250K,BF_zm_epistasis_lowh2_500_250K_S10_138027398.csv,0.19,0,0.27,0,0.21,0,0.29,0
BFT,Maize,Epistasis,500,S2_23711349,2a,0.75,0.1,0.3,250K,BF_zm_epistasis_lowh2_500_250K_S2_23711349.csv,0.19,0,0.27,0,0.21,0,0.29,0.01
BFT,Maize,Epistasis,500,S5_182137972,1a,0.75,0.1,0.3,250K,BF_zm_epistasis_lowh2_500_250K_S5_182137972.csv,0.19,0,0.27,0,0.21,0,0.29,0
BFT,Maize,Epistasis,500,S5_197714744,2b,0.75,0.1,0.3,250K,BF_zm_epistasis_lowh2_500_250K_S5_197714744.csv,0.19,0,0.27,0,0.21,0,0.29,0
BFT,Maize,Epistasis,500,S6_95632131,1b,0.75,0.1,0.3,250K,BF_zm_epistasis_lowh2_500_250K_S6_95632131.csv,0.19,0,0.27,0,0.21,0,0.29,0
DGLM,Maize,Epistasis,500,S1_52467139,3a,NA,0.1,0.8,250K,DGLM_zm_epistasis_highh2_500_250K_S1_52467139.csv,0.99,0,1,0.02,1,0.63,1,0.85
DGLM,Maize,Epistasis,500,S10_138027398,3b,NA,0.1,0.8,250K,DGLM_zm_epistasis_highh2_500_250K_S10_138027398.csv,0.99,0.01,1,0.01,1,0.29,1,0.63
DGLM,Maize,Epistasis,500,S2_23711349,2a,NA,0.1,0.8,250K,DGLM_zm_epistasis_highh2_500_250K_S2_23711349.csv,0.99,0.01,1,0.02,1,0.45,1,0.7
DGLM,Maize,Epistasis,500,S5_182137972,1a,NA,0.1,0.8,250K,DGLM_zm_epistasis_highh2_500_250K_S5_182137972.csv,0.99,0.02,1,0.04,1,0.75,1,0.91
DGLM,Maize,Epistasis,500,S5_197714744,2b,NA,0.1,0.8,250K,DGLM_zm_epistasis_highh2_500_250K_S5_197714744.csv,0.99,0,1,0.01,1,0.39,1,0.75
DGLM,Maize,Epistasis,500,S6_95632131,1b,NA,0.1,0.8,250K,DGLM_zm_epistasis_highh2_500_250K_S6_95632131.csv,0.99,0.19,1,0.27,1,0.86,1,0.96
DGLM,Maize,Epistasis,500,S1_52467139,3a,NA,0.1,0.3,250K,DGLM_zm_epistasis_lowh2_500_250K_S1_52467139.csv,0.14,0,0.21,0,0.18,0.01,0.23,0.02
DGLM,Maize,Epistasis,500,S10_138027398,3b,NA,0.1,0.3,250K,DGLM_zm_epistasis_lowh2_500_250K_S10_138027398.csv,0.14,0,0.21,0,0.18,0.01,0.23,0.03
DGLM,Maize,Epistasis,500,S2_23711349,2a,NA,0.1,0.3,250K,DGLM_zm_epistasis_lowh2_500_250K_S2_23711349.csv,0.14,0,0.21,0,0.18,0,0.23,0.02
DGLM,Maize,Epistasis,500,S5_182137972,1a,NA,0.1,0.3,250K,DGLM_zm_epistasis_lowh2_500_250K_S5_182137972.csv,0.14,0,0.21,0,0.18,0.01,0.23,0.02
DGLM,Maize,Epistasis,500,S5_197714744,2b,NA,0.1,0.3,250K,DGLM_zm_epistasis_lowh2_500_250K_S5_197714744.csv,0.14,0,0.21,0,0.18,0,0.23,0.01
DGLM,Maize,Epistasis,500,S6_95632131,1b,NA,0.1,0.3,250K,DGLM_zm_epistasis_lowh2_500_250K_S6_95632131.csv,0.14,0,0.21,0,0.18,0.01,0.23,0.02
BFT,Maize,GxE,500,S1_195558455,Environment Specific B,NA,0.3,0.7,250K,BF_zm_gxe_diff_500_S1_195558455.csv,0.6,0,0.78,0,0.68,0.02,0.82,0.11
BFT,Maize,GxE,500,S7_122965996,Both Environments,NA,0.3,0.7,250K,BF_zm_gxe_diff_500_S7_122965996.csv,0.6,0.01,0.78,0.01,0.68,0.06,0.82,0.09
BFT,Maize,GxE,500,S7_1304148,Environment Specific A,NA,0.3,0.7,250K,BF_zm_gxe_diff_500_S7_1304148.csv,0.6,0.04,0.77,0.05,0.68,0.16,0.82,0.27
DGLM,Maize,GxE,500,S1_195558455,Environment Specific B,NA,0.3,0.7,250K,DGLM_zm_gxe_diff_500_S1_195558455.csv,0.01,0,0.05,0,0.02,0,0.06,0
DGLM,Maize,GxE,500,S7_122965996,Both Environments,NA,0.3,0.7,250K,DGLM_zm_gxe_diff_500_S7_122965996.csv,0.01,0,0.05,0,0.02,0,0.06,0.01
DGLM,Maize,GxE,500,S7_1304148,Environment Specific A,NA,0.3,0.7,250K,DGLM_zm_gxe_diff_500_S7_1304148.csv,0.01,0,0.05,0,0.02,0,0.06,0.01
DGLM,Maize,Molike,500,NA,NA,0.1,0.1,0.33,250K,DGLM_zm_molike_MAF10_h233_vQTN10_500_S3_118933368.csv,0.08,0,0.16,0,0.08,0,0.17,0
DGLM,Maize,Molike,500,NA,NA,0.5,0.1,0.33,250K,DGLM_zm_molike_MAF10_h233_vQTN50_500_S3_118933368.csv,0.8,0.01,0.89,0.01,0.84,0.13,0.9,0.26
DGLM,Maize,Molike,500,NA,NA,0.9,0.1,0.33,250K,DGLM_zm_molike_MAF10_h233_vQTN90_500_S3_118933368.csv,1,0.11,1,0.13,1,0.8,1,0.87
DGLM,Maize,Molike,500,NA,NA,0.1,0.1,0.63,250K,DGLM_zm_molike_MAF10_h263_vQTN10_500_S3_118933368.csv,0.1,0,0.16,0,0.1,0,0.17,0
DGLM,Maize,Molike,500,NA,NA,0.5,0.1,0.63,250K,DGLM_zm_molike_MAF10_h263_vQTN50_500_S3_118933368.csv,0.77,0.01,0.84,0.01,0.8,0.16,0.9,0.24
DGLM,Maize,Molike,500,NA,NA,0.9,0.4,0.63,250K,DGLM_zm_Molike_MAF40_500_S9_153673596.csv,1,0.62,1,0.76,1,0.98,1,1
DGLM,Maize,Molike,500,NA,NA,0.1,0.4,0.33,250K,DGLM_zm_molike_MAF40_h233_vQTN10_500_S9_153673596.csv,0.11,0,0.16,0,0.12,0,0.17,0.01
DGLM,Maize,Molike,500,NA,NA,0.5,0.4,0.33,250K,DGLM_zm_molike_MAF40_h233_vQTN50_500_S9_153673596.csv,0.98,0,0.98,0,0.98,0.03,0.98,0.17
DGLM,Maize,Molike,500,NA,NA,0.9,0.4,0.33,250K,DGLM_zm_molike_MAF40_h233_vQTN90_500_S9_153673596.csv,1,0.45,1,0.53,1,0.97,1,0.99
DGLM,Maize,Molike,500,NA,NA,0.1,0.4,0.63,250K,DGLM_zm_molike_MAF40_h263_vQTN10_500_S9_153673596.csv,0.13,0,0.18,0,0.14,0.01,0.21,0.01
DGLM,Maize,Molike,500,NA,NA,0.5,0.4,0.63,250K,DGLM_zm_molike_MAF40_h263_vQTN50_500_S9_153673596.csv,0.81,0.18,0.91,0.19,0.88,0.58,0.95,0.84
BFT,Maize,NULL,500,NA,NA,NA,NA,NA,250K,BF_zm_NULL_500_.csv,0.08,0,0.13,0,0.08,0,0.14,0
DGLM,Maize,NULL,500,NA,NA,NA,NA,NA,250K,DGLM_zm_null_500_.csv,0.04,0,0.06,0,0.04,0,0.06,0
BFT,Maize,Epistasis,FULL,S1_225627981,2b,0.75,0.1,0.8,250K,BF_zm_epistasis_highh280_FULL_250K_S1_225627981.csv,1,0.65,1,0.72,1,1,1,1
BFT,Maize,Epistasis,FULL,S1_277048344,1a,0.75,0.1,0.8,250K,BF_zm_epistasis_highh280_FULL_250K_S1_277048344.csv,1,0.7,1,0.77,1,1,1,1
BFT,Maize,Epistasis,FULL,S1_4599712,3a,0.75,0.1,0.8,250K,BF_zm_epistasis_highh280_FULL_250K_S1_4599712.csv,1,1,1,1,1,1,1,1
BFT,Maize,Epistasis,FULL,S5_168427963,2a,0.75,0.1,0.8,250K,BF_zm_epistasis_highh280_FULL_250K_S5_168427963.csv,1,1,1,1,1,1,1,1
BFT,Maize,Epistasis,FULL,S6_107178563,1b,0.75,0.1,0.8,250K,BF_zm_epistasis_highh280_FULL_250K_S6_107178563.csv,1,0.91,1,0.95,1,1,1,1
BFT,Maize,Epistasis,FULL,S6_142828796,3b,0.75,0.1,0.8,250K,BF_zm_epistasis_highh280_FULL_250K_S6_142828796.csv,1,0.87,1,0.93,1,1,1,1
BFT,Maize,Epistasis,FULL,S1_225627981,2b,0.75,0.1,0.3,250K,BF_zm_epistasis_lowh2_FULL_250K_S1_225627981.csv,0.66,0,0.7,0,0.67,0.02,0.78,0.09
BFT,Maize,Epistasis,FULL,S1_277048344,1a,0.75,0.1,0.3,250K,BF_zm_epistasis_lowh2_FULL_250K_S1_277048344.csv,0.66,0,0.7,0,0.67,0.01,0.78,0.07
BFT,Maize,Epistasis,FULL,S1_4599712,3a,0.75,0.1,0.3,250K,BF_zm_epistasis_lowh2_FULL_250K_S1_4599712.csv,0.66,0,0.7,0,0.67,0.08,0.78,0.19
BFT,Maize,Epistasis,FULL,S5_168427963,2a,0.75,0.1,0.3,250K,BF_zm_epistasis_lowh2_FULL_250K_S5_168427963.csv,0.66,0,0.7,0,0.67,0.08,0.78,0.12
BFT,Maize,Epistasis,FULL,S6_107178563,1b,0.75,0.1,0.3,250K,BF_zm_epistasis_lowh2_FULL_250K_S6_107178563.csv,0.66,0,0.7,0,0.67,0.06,0.78,0.15
BFT,Maize,Epistasis,FULL,S6_142828796,3b,0.75,0.1,0.3,250K,BF_zm_epistasis_lowh2_FULL_250K_S6_142828796.csv,0.66,0,0.7,0,0.67,0.03,0.78,0.11
MLM,Maize,Epistasis,FULL,S1_225627981,2b,0.75,0.1,0.8,250K,MLM_zm_epistasis_h280_highh2_full_S1_225627981.csv,1,0,1,0,1,0,1,0
MLM,Maize,Epistasis,FULL,S1_277048344,1a,0.75,0.1,0.8,250K,MLM_zm_epistasis_h280_highh2_full_S1_277048344.csv,1,0.11,1,0.19,1,0.48,1,0.72
MLM,Maize,Epistasis,FULL,S1_4599712,3a,0.75,0.1,0.8,250K,MLM_zm_epistasis_h280_highh2_full_S1_4599712.csv,1,0.91,1,0.94,1,0.99,1,1
MLM,Maize,Epistasis,FULL,S5_168427963,2a,0.75,0.1,0.8,250K,MLM_zm_epistasis_h280_highh2_full_S5_168427963.csv,1,1,1,1,1,1,1,1
MLM,Maize,Epistasis,FULL,S6_107178563,1b,0.75,0.1,0.8,250K,MLM_zm_epistasis_h280_highh2_full_S6_107178563.csv,1,0.99,1,0.99,1,1,1,1
MLM,Maize,Epistasis,FULL,S6_142828796,3b,0.75,0.1,0.8,250K,MLM_zm_epistasis_h280_highh2_full_S6_142828796.csv,1,1,1,1,1,1,1,1
MLM,Maize,Epistasis,FULL,S1_225627981,2b,0.75,0.1,0.3,250K,MLM_zm_epistasis_lowh2_full_S1_225627981.csv,0.79,0,0.89,0,0.85,0,0.9,0
MLM,Maize,Epistasis,FULL,S1_277048344,1a,0.75,0.1,0.3,250K,MLM_zm_epistasis_lowh2_full_S1_277048344.csv,0.79,0.01,0.89,0.02,0.85,0.04,0.9,0.04
MLM,Maize,Epistasis,FULL,S1_4599712,3a,0.75,0.1,0.3,250K,MLM_zm_epistasis_lowh2_full_S1_4599712.csv,0.77,0.02,0.88,0.02,0.84,0.02,0.89,0.05
MLM,Maize,Epistasis,FULL,S5_168427963,2a,0.75,0.1,0.3,250K,MLM_zm_epistasis_lowh2_full_S5_168427963.csv,0.58,0.67,0.74,0.76,0.73,0.75,0.79,0.84
MLM,Maize,Epistasis,FULL,S6_107178563,1b,0.75,0.1,0.3,250K,MLM_zm_epistasis_lowh2_full_S6_107178563.csv,0.77,0.07,0.86,0.14,0.83,0.15,0.89,0.24
MLM,Maize,Epistasis,FULL,S6_142828796,3b,0.75,0.1,0.3,250K,MLM_zm_epistasis_lowh2_full_S6_142828796.csv,0.77,0.13,0.89,0.14,0.85,0.16,0.9,0.23
DGLM,Maize,Epistasis,FULL,S1_225627981,2b,0.75,0.1,0.8,250K,DGLM_zm_epistasis_highh2_FULL_250K_S1_225627981.csv,1,0.09,1,0.17,1,1,1,1
DGLM,Maize,Epistasis,FULL,S1_277048344,1a,0.75,0.1,0.8,250K,DGLM_zm_epistasis_highh2_FULL_250K_S1_277048344.csv,1,0.41,1,0.51,1,1,1,1
DGLM,Maize,Epistasis,FULL,S1_4599712,3a,0.75,0.1,0.8,250K,DGLM_zm_epistasis_highh2_FULL_250K_S1_4599712.csv,1,0.8,1,0.88,1,1,1,1
DGLM,Maize,Epistasis,FULL,S5_168427963,2a,0.75,0.1,0.8,250K,DGLM_zm_epistasis_highh2_FULL_250K_S5_168427963.csv,1,1,1,1,1,1,1,1
DGLM,Maize,Epistasis,FULL,S6_107178563,1b,0.75,0.1,0.8,250K,DGLM_zm_epistasis_highh2_FULL_250K_S6_107178563.csv,1,0.88,1,0.92,1,1,1,1
DGLM,Maize,Epistasis,FULL,S6_142828796,3b,0.75,0.1,0.8,250K,DGLM_zm_epistasis_highh2_FULL_250K_S6_142828796.csv,1,0.97,1,0.97,1,1,1,1
DGLM,Maize,Epistasis,FULL,S1_225627981,2b,0.75,0.1,0.3,250K,DGLM_zm_epistasis_lowh2_FULL_250K_S1_225627981.csv,0.49,0,0.65,0,0.55,0.01,0.71,0.04
DGLM,Maize,Epistasis,FULL,S1_277048344,1a,0.75,0.1,0.3,250K,DGLM_zm_epistasis_lowh2_FULL_250K_S1_277048344.csv,0.49,0,0.65,0,0.55,0.02,0.71,0.06
DGLM,Maize,Epistasis,FULL,S1_4599712,3a,0.75,0.1,0.3,250K,DGLM_zm_epistasis_lowh2_FULL_250K_S1_4599712.csv,0.49,0,0.65,0,0.55,0.03,0.71,0.1
DGLM,Maize,Epistasis,FULL,S5_168427963,2a,0.75,0.1,0.3,250K,DGLM_zm_epistasis_lowh2_FULL_250K_S5_168427963.csv,0.49,0.01,0.63,0.05,0.55,0.08,0.7,0.18
DGLM,Maize,Epistasis,FULL,S6_107178563,1b,0.75,0.1,0.3,250K,DGLM_zm_epistasis_lowh2_FULL_250K_S6_107178563.csv,0.49,0,0.65,0,0.55,0.03,0.71,0.09
DGLM,Maize,Epistasis,FULL,S6_142828796,3b,0.75,0.1,0.3,250K,DGLM_zm_epistasis_lowh2_FULL_250K_S6_142828796.csv,0.49,0.01,0.65,0.01,0.55,0.04,0.71,0.07
BFT,Maize,GxE,FULL,S4_238115849,Both Environments,NA,0.3,0.7,250K,BF_zm_gxe_diff_FULL_S4_238115849.csv,1,1,1,1,1,1,1,1
BFT,Maize,GxE,FULL,S6_111677590,Environment Specific A,NA,0.3,0.7,250K,BF_zm_gxe_diff_FULL_S6_111677590.csv,1,0.26,1,0.32,1,1,1,1
BFT,Maize,GxE,FULL,S6_162917265,Environment Specific B,NA,0.3,0.7,250K,BF_zm_gxe_diff_FULL_S6_162917265.csv,1,0.93,1,0.94,1,1,1,1
DGLM,Maize,GxE,FULL,S4_238115849,Both Environments,NA,0.3,0.7,250K,DGLM_zm_gxe_diff_FULL_1MB_S4_238115849.csv,1,0.7,1,0.77,1,0.99,1,0.99
DGLM,Maize,GxE,FULL,S6_111677590,Environment Specific A,NA,0.3,0.7,250K,DGLM_zm_gxe_diff_FULL_1MB_S6_111677590.csv,1,0.01,1,0.01,1,0.38,1,0.55
DGLM,Maize,GxE,FULL,S6_162917265,Environment Specific B,NA,0.3,0.7,250K,DGLM_zm_gxe_diff_FULL_1MB_S6_162917265.csv,1,0.09,1,0.16,1,0.81,1,0.94
BFT,Maize,Molike,FULL,NA,NA,0.1,0.1,0.33,250K,BF_zm_molike_MAF10_h233_vQTN10_full_S1_263608855.csv,0.44,0,0.56,0,0.48,0,0.65,0
BFT,Maize,Molike,FULL,NA,NA,0.5,0.1,0.33,250K,BF_zm_molike_MAF10_h233_vQTN50_full_S1_263608855.csv,0.89,0.04,0.93,0.04,0.92,0.17,0.95,0.27
BFT,Maize,Molike,FULL,NA,NA,0.9,0.1,0.33,250K,BF_zm_molike_MAF10_h233_vQTN90_full_S1_263608855.csv,1,0.27,1,0.34,1,0.95,1,0.99
BFT,Maize,Molike,FULL,NA,NA,0.5,0.1,0.63,250K,BF_zm_molike_MAF10_h263_vQTN50_full_S1_263608855.csv,1,0,1,0.01,1,0.71,1,0.89
BFT,Maize,Molike,FULL,NA,NA,0.9,0.1,0.63,250K,BF_zm_molike_MAF10_h263_vQTN90_full_S1_263608855.csv,1,0.04,1,0.06,1,0.9,1,0.97
BFT,Maize,Molike,FULL,NA,NA,0.1,0.4,0.33,250K,BF_zm_molike_MAF40_h233_vQTN10_FULL_S1_36973855.csv,0.34,0,0.5,0,0.37,0.01,0.55,0.06
BFT,Maize,Molike,FULL,NA,NA,0.5,0.4,0.33,250K,BF_zm_molike_MAF40_h233_vQTN50_full_S1_36973855.csv,0.96,0.9,0.99,0.95,1,1,1,1
BFT,Maize,Molike,FULL,NA,NA,0.9,0.4,0.33,250K,BF_zm_molike_MAF40_h233_vQTN90_full_S1_36973855.csv,1,1,1,1,1,1,1,1
BFT,Maize,Molike,FULL,NA,NA,0.1,0.4,0.63,250K,BF_zm_molike_MAF40_h263_vQTN10_full_S1_36973855.csv,1,0.18,1,0.24,1,0.99,1,1
BFT,Maize,Molike,FULL,NA,NA,0.5,0.4,0.63,250K,BF_zm_molike_MAF40_h263_vQTN50_full_S1_36973855.csv,1,0.12,1,0.15,1,0.91,1,0.99
BFT,Maize,Molike,FULL,NA,NA,0.9,0.4,0.63,250K,BF_zm_molike_MAF40_h263_vQTN90_full_S1_36973855.csv,1,0.88,1,0.93,1,1,1,1
DGLM,Maize,Molike,FULL,NA,NA,0.5,0.1,0.33,250K,DGLM_zm_molike_MAF10_h233_vQTN50_full_S1_263608855.csv,1,0.52,1,0.58,1,0.97,1,0.98
MLM,Maize,Molike,FULL,NA,NA,0.5,0.1,0.63,250K,MLM_zm_molike_MAF10_h263_vQTN50_full_S1_263608855.csv,1,0,1,0,1,0,1,0
MLM,Maize,Molike,FULL,NA,NA,0.9,0.4,0.63,250K,MLM_zm_molike_MAF40_full_S1_36973855.csv,1,0,1,0,1,0,1,0
MLM,Maize,Molike,FULL,NA,NA,0.5,0.4,0.63,250K,MLM_zm_molike_MAF40_h263_vQTN50_full_S1_263608855.csv,1,0,1,0,1,0,1,0
DGLM,Maize,Molike,FULL,NA,NA,0.9,0.1,0.33,250K,DGLM_zm_molike_MAF10_h233_vQTN90_full_S1_263608855.csv,1,1,1,1,1,1,1,1
DGLM,Maize,Molike,FULL,NA,NA,0.5,0.4,0.63,250K,DGLM_zm_molike_MAF40_h263_vQTN50_full_S1_36973855.csv,1,1,1,1,1,1,1,1
DGLM,Maize,Molike,FULL,NA,NA,0.1,0.1,0.33,250K,DGLM_zm_molike_MAF10_h233_vQTN10_full_S1_263608855.csv,0.11,0,0.19,0,0.12,0,0.21,0
DGLM,Maize,Molike,FULL,NA,NA,0.1,0.1,0.63,250K,DGLM_zm_molike_MAF10_h263_vQTN10_full_S1_263608855.csv,0.06,0,0.13,0,0.06,0,0.17,0
BFT,Maize,Molike,FULL,NA,NA,0.1,0.1,0.63,250K,BF_zm_molike_MAF10_h263_vQTN10_full_S1_263608855.csv,1,0,1,0,1,0.77,1,0.9
DGLM,Maize,Molike,FULL,NA,NA,0.9,0.4,0.63,250K,DGLM_zm_molike_MAF40_full_S4_68858026.csv,1,0.39,1,0.42,1,0.97,1,0.97
DGLM,Maize,Molike,FULL,S1_263608855,NA,0.5,0.1,0.63,250K,DGLM_zm_molike_MAF10_h263_vQTN50_full_S1_263608855.csv,1,0.51,1,0.56,1,0.99,1,0.99
DGLM,Maize,Molike,FULL,S1_36973855,NA,0.1,0.4,0.33,250K,DGLM_zm_molike_MAF40_h233_vQTN10_FULL_S1_36973855.csv,0.15,0.02,0.23,0.03,0.18,0.04,0.29,0.07
DGLM,Maize,Molike,FULL,S1_36973855,NA,0.5,0.4,0.33,250K,DGLM_zm_molike_MAF40_h233_vQTN50_full_S1_36973855.csv,1,1,1,1,1,1,1,1
MLM,Maize,Molike,FULL,S1_263608855,NA,0.1,0.1,0.33,250K,MLM_zm_molike_MAF10_h233_vQTN10_full_S1_263608855.csv,1,0,1,0,1,0,1,0
MLM,Maize,Molike,FULL,S1_263608855,NA,0.5,0.1,0.63,250K,MLM_zm_molike_MAF10_h263_vQTN50_full_S1_263608855.csv,1,0,1,0,1,0,1,0
DGLM,Maize,Molike,FULL,NA,NA,0.9,0.1,0.63,250K,DGLM_zm_molike_MAF10_h263_vQTN90_full_S1_263608855.csv,1,1,1,1,1,1,1,1
DGLM,Maize,Molike,FULL,NA,NA,0.9,0.4,0.33,250K,DGLM_zm_molike_MAF40_h233_vQTN90_full_S1_36973855.csv,1,1,1,1,1,1,1,1
DGLM,Maize,Molike,FULL,NA,NA,0.1,0.4,0.63,250K,DGLM_zm_molike_MAF40_h263_vQTN10_full_S1_36973855.csv,0.18,0,0.37,0,0.2,0,0.4,0.01
BFT,Maize,NULL,FULL,NA,NA,NA,NA,NA,250K,BF_zm_NULL_FULL_.csv,0.04,0,0.06,0,0.05,0,0.06,0
MLM,Maize,NULL,FULL,NA,NA,NA,NA,NA,250K,GAPIT_zm_null_full_.csv,0.03,0,0.07,0,0.03,0,0.07,0
DGLM,Maize,NULL,FULL,NA,NA,NA,NA,NA,250K,DGLM_zm_null_full_.csv,0.04,0,0.09,0,0.06,0,0.09,0
BFT,Maize,Molike,500,NA,NA,0.1,0.1,0.33,250K,BF_zm_molike_MAF10_h233_vQTN10_500_S3_118933368.csv,0.06,0,0.11,0,0.08,0,0.13,0
BFT,Maize,Molike,500,NA,NA,0.5,0.1,0.33,250K,BF_zm_molike_MAF10_h233_vQTN50_500_S3_118933368.csv,0.45,0,0.56,0,0.47,0,0.59,0.01
BFT,Maize,Molike,500,NA,NA,0.9,0.1,0.33,250K,BF_zm_molike_MAF10_h233_vQTN90_500_S3_118933368.csv,0.89,0,0.94,0,0.91,0.02,0.96,0.05
BFT,Maize,Molike,500,NA,NA,0.1,0.1,0.63,250K,BF_zm_molike_MAF10_h263_vQTN10_500_S3_118933368.csv,0.19,0,0.32,0,0.22,0,0.35,0
BFT,Maize,Molike,500,NA,NA,0.5,0.1,0.63,250K,BF_zm_molike_MAF10_h263_vQTN50_500_S3_118933368.csv,0.39,0,0.61,0,0.39,0,0.65,0
BFT,Maize,Molike,500,NA,NA,0.9,0.1,0.63,250K,BF_zm_molike_MAF10_h263_vQTN90_500_S3_118933368.csv,0.66,0,0.73,0,0.7,0,0.77,0
BFT,Maize,Molike,500,NA,NA,0.1,0.4,0.33,250K,BF_zm_molike_MAF40_h233_vQTN10_500_S9_153673596.csv,0.07,0,0.12,0,0.07,0,0.13,0
BFT,Maize,Molike,500,NA,NA,0.5,0.4,0.33,250K,BF_zm_molike_MAF40_h233_vQTN50_500_S9_153673596.csv,0.17,0,0.21,0,0.17,0,0.21,0.01
BFT,Maize,Molike,500,NA,NA,0.9,0.4,0.33,250K,BF_zm_molike_MAF40_h233_vQTN90_500_S9_153673596.csv,0.23,0,0.37,0.01,0.24,0,0.39,0.02
BFT,Maize,Molike,500,NA,NA,0.1,0.4,0.63,250K,BF_zm_molike_MAF40_h263_vQTN10_500_S9_153673596.csv,0.24,0,0.41,0,0.26,0,0.46,0
BFT,Maize,Molike,500,NA,NA,0.5,0.4,0.63,250K,BF_zm_molike_MAF40_h263_vQTN50_500_S9_153673596.csv,0.4,0,0.55,0,0.42,0,0.61,0
BFT,Maize,Molike,500,NA,NA,0.9,0.4,0.63,250K,BF_zm_molike_MAF40_h263_vQTN90_500_S9_153673596.csv,0.65,0,0.74,0,0.71,0,0.8,0.02
DGLM,Maize,Molike,500,NA,NA,0.9,0.1,0.63,250K,DGLM_zm_molike_MAF10_h263_vQTN90_500_S3_118933368.csv,1,0.11,1,0.11,1,0.8,1,0.93
MLM,Maize,NULL,FULL,NA,NA,NA,NA,NA,250K,GAPIT_zm_null_full_.csv,0.03,0,0.07,0,0.03,0,0.07,0
MLM,Maize,GxE,FULL,S4_238115849,Both Environments,NA,0.3,0.7,250K,MLM_zm_gxe_diff_full_S4_238115849.csv,0.99,0.97,0.99,0.98,1,0.99,1,0.99
MLM,Maize,GxE,FULL,S6_111677590,Environment Specific A,NA,0.3,0.7,250K,MLM_zm_gxe_diff_full_S6_111677590.csv,1,0.06,1,0.07,1,0.19,1,0.34
MLM,Maize,GxE,FULL,S6_162917265,Environment Specific B,NA,0.3,0.7,250K,MLM_zm_gxe_diff_full_S6_162917265.csv,0.99,0.92,0.99,0.95,0.99,1,0.99,1
MLM,Maize,Molike,FULL,NA,NA,0.5,0.1,0.33,250K,MLM_zm_molike_MAF10_h233_vQTN50_full_S1_263608855.csv,1,0,1,0,1,0,1,0
MLM,Maize,NULL,500,NA,NA,NA,NA,NA,250K,GAPIT_zm_null_500_.csv,0.01,0,0.01,0,0.01,0,0.02,0
MLM,Maize,Epistasis,500,S1_52467139,3a,NA,0.1,0.8,250K,MLM_zm_epistasis_h280_higheffectsize_500_S1_52467139.csv,0.06,0,0.14,0,0.06,0,0.14,0
MLM,Maize,Epistasis,500,S10_138027398,3b,NA,0.1,0.8,250K,MLM_zm_epistasis_h280_higheffectsize_500_S10_138027398.csv,0.06,0,0.14,0,0.06,0,0.14,0
MLM,Maize,Epistasis,500,S2_23711349,2a,NA,0.1,0.8,250K,MLM_zm_epistasis_h280_higheffectsize_500_S2_23711349.csv,0.06,0,0.14,0,0.06,0,0.14,0
MLM,Maize,Epistasis,500,S5_182137972,1a,NA,0.1,0.8,250K,MLM_zm_epistasis_h280_higheffectsize_500_S5_182137972.csv,0.06,0,0.14,0,0.06,0,0.14,0
MLM,Maize,Epistasis,500,S5_197714744,2b,NA,0.1,0.8,250K,MLM_zm_epistasis_h280_higheffectsize_500_S5_197714744.csv,0.06,0,0.14,0,0.06,0,0.14,0
MLM,Maize,Epistasis,500,S6_95632131,1b,NA,0.1,0.8,250K,MLM_zm_epistasis_h280_higheffectsize_500_S6_95632131.csv,0.06,0,0.14,0,0.06,0,0.14,0
MLM,Maize,Epistasis,500,S1_52467139,3a,NA,0.1,0.3,250K,MLM_zm_epistasis_lowh2_500_S1_52467139.csv,0.03,0,0.07,0,0.03,0,0.07,0
MLM,Maize,Epistasis,500,S10_138027398,3b,NA,0.1,0.3,250K,MLM_zm_epistasis_lowh2_500_S10_138027398.csv,0.03,0,0.07,0,0.03,0,0.07,0
MLM,Maize,Epistasis,500,S2_23711349,2a,NA,0.1,0.3,250K,MLM_zm_epistasis_lowh2_500_S2_23711349.csv,0.03,0,0.07,0,0.03,0,0.07,0
MLM,Maize,Epistasis,500,S5_182137972,1a,NA,0.1,0.3,250K,MLM_zm_epistasis_lowh2_500_S5_182137972.csv,0.02,0.01,0.07,0.01,0.03,0.01,0.07,0.01
MLM,Maize,Epistasis,500,S5_197714744,2b,NA,0.1,0.3,250K,MLM_zm_epistasis_lowh2_500_S5_197714744.csv,0.03,0,0.07,0,0.03,0,0.07,0
MLM,Maize,Epistasis,500,S6_95632131,1b,NA,0.1,0.3,250K,MLM_zm_epistasis_lowh2_500_S6_95632131.csv,0.03,0,0.07,0,0.03,0,0.07,0
MLM,Maize,GxE,500,S1_195558455,Environment Specific B,NA,0.3,0.7,250K,MLM_zm_gxe_diff_500_S1_195558455.csv,0.38,0,0.53,0,0.39,0,0.55,0
MLM,Maize,GxE,500,S7_122965996,Both Environments,NA,0.3,0.7,250K,MLM_zm_gxe_diff_500_S7_122965996.csv,0.18,0.25,0.33,0.31,0.24,0.27,0.43,0.34
MLM,Maize,GxE,500,S7_1304148,Environment Specific A,NA,0.3,0.7,250K,MLM_zm_gxe_diff_500_S7_1304148.csv,0.38,0,0.53,0,0.39,0,0.55,0
MLM,Maize,Molike,500,NA,NA,0.1,0.1,0.33,250K,MLM_zm_molike_MAF10_h233_vQTN10_500_S3_118933368.csv,1,0,1,0,1,0,1,0
MLM,Maize,Molike,500,NA,NA,0.5,0.1,0.33,250K,MLM_zm_molike_MAF10_h233_vQTN50_500_S3_118933368.csv,1,0,1,0,1,0,1,0
MLM,Maize,Molike,500,NA,NA,0.9,0.1,0.33,250K,MLM_zm_molike_MAF10_h233_vQTN90_500_S3_118933368.csv,1,0,1,0,1,0,1,0
MLM,Maize,Molike,FULL,NA,NA,0.9,0.1,0.33,250K,MLM_zm_molike_MAF10_h233_vQTN90_full_S1_263608855.csv,1,0,1,0,1,0,1,0
MLM,Maize,Molike,500,NA,NA,0.1,0.1,0.63,250K,MLM_zm_molike_MAF10_h263_vQTN10_500_S3_118933368.csv,1,0,1,0,1,0,1,0
MLM,Maize,Molike,FULL,NA,NA,0.1,0.1,0.63,250K,MLM_zm_molike_MAF10_h263_vQTN10_full_S1_263608855.csv,1,0,1,0,1,0,1,0
MLM,Maize,Molike,500,NA,NA,0.5,0.1,0.63,250K,MLM_zm_molike_MAF10_h263_vQTN50_500_S3_118933368.csv,1,0,1,0,1,0,1,0
MLM,Maize,Molike,500,NA,NA,0.9,0.1,0.63,250K,MLM_zm_molike_MAF10_h263_vQTN90_500_S3_118933368.csv,1,0,1,0,1,0,1,0
MLM,Maize,Molike,FULL,NA,NA,0.9,0.1,0.63,250K,MLM_zm_molike_MAF10_h263_vQTN90_full_S1_263608855.csv,1,0,1,0,1,0,1,0
MLM,Maize,Molike,500,NA,NA,0.1,0.4,0.33,250K,MLM_zm_molike_MAF40_h233_vQTN10_500_S9_153673596.csv,1,0,1,0,1,0,1,0
MLM,Maize,Molike,FULL,NA,NA,0.1,0.4,0.33,250K,MLM_zm_molike_MAF40_h233_vQTN10_full_S1_36973855.csv,1,0,1,0,1,0,1,0
MLM,Maize,Molike,500,NA,NA,0.5,0.4,0.33,250K,MLM_zm_molike_MAF40_h233_vQTN50_500_S9_153673596.csv,1,0,1,0,1,0,1,0
MLM,Maize,Molike,FULL,NA,NA,0.5,0.4,0.33,250K,MLM_zm_molike_MAF40_h233_vQTN50_full_S1_36973855.csv,1,0,1,0,1,0,1,0
MLM,Maize,Molike,500,NA,NA,0.9,0.4,0.33,250K,MLM_zm_molike_MAF40_h233_vQTN90_500_S9_153673596.csv,1,0,1,0,1,0,1,0
MLM,Maize,Molike,FULL,NA,NA,0.9,0.4,0.33,250K,MLM_zm_molike_MAF40_h233_vQTN90_full_S1_36973855.csv,1,0,1,0,1,0,1,0
MLM,Maize,Molike,500,NA,NA,0.1,0.4,0.63,250K,MLM_zm_molike_MAF40_h263_vQTN10_500_S9_153673596.csv,1,0,1,0,1,0,1,0
MLM,Maize,Molike,FULL,NA,NA,0.1,0.4,0.63,250K,MLM_zm_molike_MAF40_h263_vQTN10_full_S1_36973855.csv,1,0,1,0,1,0,1,0
MLM,Maize,Molike,500,NA,NA,0.5,0.4,0.63,250K,MLM_zm_molike_MAF40_h263_vQTN50_500_S9_153673596.csv,1,0,1,0,1,0,1,0
MLM,Maize,Molike,500,NA,NA,0.9,0.4,0.63,250K,MLM_zm_molike_MAF40_h263_vQTN90_500_S9_153673596.csv,1,0,1,0,1,0,1,0
